WeaponType,Weapon,Skin
Glove,Bloodhound Gloves,Snakebite
Glove,Bloodhound Gloves,Bronzed
Glove,Bloodhound Gloves,Guerrilla
Glove,Bloodhound Gloves,Charred
Glove,Hydra Gloves,Case Hardened
Glove,Hydra Gloves,Rattler
Glove,Hydra Gloves,Mangrove
Glove,Driver Gloves,Convoy
Glove,Driver Gloves,Diamondback
Glove,Driver Gloves,Lunar Weave
Glove,Driver Gloves,Crimson Weave
Glove,Driver Gloves,Racing Green
Glove,Driver Gloves,Overtake
Glove,Driver Gloves,Imperial Plaid
Glove,Driver Gloves,King Snake
Glove,Driver Gloves,Queen Jaguar
Glove,Driver Gloves,Rezan the Red
Glove,Driver Gloves,Black Tie
Glove,Driver Gloves,Snow Leopard
Glove,Hand Wraps,Slaughter
Glove,Hand Wraps,Leather
Glove,Hand Wraps,Badlands
Glove,Hand Wraps,Spruce DDPAT
Glove,Hand Wraps,Cobalt Skulls
Glove,Hand Wraps,Overprint
Glove,Hand Wraps,Duct Tape
Glove,Hand Wraps,Arboreal
Glove,Hand Wraps,CAUTION!
Glove,Hand Wraps,Constrictor
Glove,Hand Wraps,Desert Shamagh
Glove,Hand Wraps,Giraffe
Glove,Moto Gloves,Cool Mint
Glove,Moto Gloves,Boom!
Glove,Moto Gloves,Spearmint
Glove,Moto Gloves,Eclipse
Glove,Moto Gloves,POW!
Glove,Moto Gloves,Turtle
Glove,Moto Gloves,Transport
Glove,Moto Gloves,Polygon
Glove,Moto Gloves,Finish Line
Glove,Moto Gloves,Blood Pressure
Glove,Moto Gloves,3rd Commando Company
Glove,Moto Gloves,Smoke Out
Glove,Specialist Gloves,Foundation
Glove,Specialist Gloves,Crimson Kimono
Glove,Specialist Gloves,Emerald Web
Glove,Specialist Gloves,Forest DDPAT
Glove,Specialist Gloves,Fade
Glove,Specialist Gloves,Crimson Web
Glove,Specialist Gloves,Mogul
Glove,Specialist Gloves,Buckshot
Glove,Specialist Gloves,Marble Fade
Glove,Specialist Gloves,Tiger Strike
Glove,Specialist Gloves,Lt. Commander
Glove,Specialist Gloves,Field Agent
Glove,Sport Gloves,Pandora's Box
Glove,Sport Gloves,Arid
Glove,Sport Gloves,Superconductor
Glove,Sport Gloves,Hedge Maze
Glove,Sport Gloves,Omega
Glove,Sport Gloves,Vice
Glove,Sport Gloves,Amphibious
Glove,Sport Gloves,Bronze Morph
Glove,Sport Gloves,Slingshot
Glove,Sport Gloves,Scarlet Shamagh
Glove,Sport Gloves,Big Game
Glove,Sport Gloves,Nocts
Glove,Broken Fang Gloves,Jade
Glove,Broken Fang Gloves,Yellow-banded
Glove,Broken Fang Gloves,Needle Point
Glove,Broken Fang Gloves,Unhinged
